episode,total_views,clip_count,solo_clip_count,top_clip_views,top_clip_title,first_published
1,184777,2,2,112529,Nick Mullen on LOSER Andrew Cuomo | The Best of Nick Mullen,2016-12-31T21:46:59Z
2,815806,3,3,704675,Lifetime Movies,2016-12-31T21:33:22Z
3,48314,2,2,25726,Dan Soder - Sleepy Boys | Cumtown Throwback,2016-12-31T21:34:00Z
4,219240,4,3,107974,Old Cumtown Episodes for a comfy day 2,2017-10-26T11:20:35Z
5,1168294,4,3,767464,Old Cumtown Episodes for a comfy day 2,2020-02-14T20:10:42Z
6,179393,3,2,158104,Old Cumtown Episodes for a comfy day 2,2017-12-28T10:12:58Z
7,561943,5,4,407682,The History of Cum Town | A Podcast Masterpiece,2017-10-26T11:37:28Z
8,1594737,5,3,653074,Seth Dickfield Says Goodbye - Cum Town (Nick Mullen),2017-08-12T02:25:01Z
9,303465,2,1,294952,Old Cumtown Episodes for a comfy day 2,2018-12-06T21:18:14Z
10,68002,3,2,59590,Old Cumtown Episodes for a comfy day 2,2017-11-20T08:11:45Z
13,556848,3,3,242665,Cum Town - Racist parents and grandparents (Contingency),2017-05-10T16:35:01Z
14,84250,2,1,335247,Cum Town - Patreon Money,2017-12-08T01:59:19Z
17,1699322,4,1,1202236,Star Trek,2019-02-08T23:39:39Z
18,1753276,7,6,800180,The Wire,2017-09-11T13:31:27Z
19,282205,1,1,282205,Nick's Days at GameStop | CM Town,2025-04-04T17:44:19Z
22,281657,1,1,281657,Cum Town - Nick Lying About John Oliver,2019-02-11T18:00:00Z
23,110949,2,2,106165,robin williams impression,2017-02-23T23:49:41Z
24,331558,5,3,195017,The Matrix Reinterpreted,2018-12-02T21:36:23Z
25,384276,3,3,167001,cum town: def jam picard,2016-11-08T22:35:56Z
27,1377410,4,2,631227,Independence Day: Resurgence,2019-01-01T17:30:01Z
28,372876,2,1,661778,Cum Town - Nick Almost Saying the Gamer Word Compilation (Part 1) (Re-upload),2020-09-21T13:57:38Z
29,917493,3,1,1613908,Depressing Movies,2018-09-26T04:27:24Z
30,517342,3,2,661778,"This is an Actual Threat, this is not a joke, I'm gonna do it | CMTOWN ANIMATED",2017-09-28T18:39:37Z
31,520811,2,2,371818,Cumtown   ep31 Gran torino,2018-12-03T21:38:36Z
32,40878,1,1,40878,Cumtown - Facebook Police,2017-03-29T14:10:14Z
33,951064,3,1,1644364,Titanic,2020-11-13T13:31:43Z
34,532648,1,0,1065296,Chasing Cameron,2020-06-26T05:28:24Z
35,381206,2,2,240605,The Cum Town VS Cumia Saga (2017),2018-11-05T05:22:48Z
36,9775211,3,3,9580647,Steven Seagal,2017-06-04T06:53:19Z
37,519577,3,3,452340,The Score,2017-01-26T10:29:43Z
38,159404,2,1,195017,The Matrix Reinterpreted,2018-11-05T05:29:12Z
40,54967,1,1,54967,"Cum Town - Roomba, Cow RPG, Paula Deen",2017-06-12T04:09:08Z
42,335881,2,1,652252,Star Trek,2017-04-02T04:10:35Z
43,65991,1,1,65991,Cum Town Ep.43 - The REAL Original Cum Boys,2018-11-05T05:33:57Z
44,81050,1,0,162100,80 for Brady,2024-12-02T15:25:48Z
46,521441,2,2,434351,Katt Williams as Meatwad | CMTOWN ANIMATED,2021-06-16T11:54:46Z
47,586365,2,2,526070,Cum Town Ep.47 - Foody For THought lol,2018-11-05T05:35:58Z
48,419016,2,2,339696,Nick absolutely kills it one second into the bit | CMTOWN ANIMATED,2018-11-05T05:37:35Z
51,82722,1,1,82722,Cum Town West - The Death Penalty,2017-06-21T01:00:09Z
52,604373,2,2,531979,Homer Simpson gets Red Pilled - CUMTOWN ANIMATED,2017-05-19T06:48:50Z
53,631760,3,1,1443102,cum town - a world without retards,2018-04-25T13:37:18Z
54,125074,3,2,141316,cum town 54,2017-06-02T06:43:48Z
55,939195,4,2,1202236,Power Rangers,2018-11-15T16:39:33Z
56,13902,1,1,13902,CUM TOWN: Riding the Bus with My Sister,2017-06-18T05:09:39Z
57,481034,1,0,1443102,Stephen King Movies,2021-01-15T22:12:59Z
59,1393056,3,2,1644364,Titanic,2019-02-12T17:00:01Z
60,459190,3,2,800180,The Wire,2017-07-15T05:41:46Z
61,1078202,3,3,1063125,cum town 61: chinese special olympics,2017-07-20T08:06:28Z
62,26701,2,2,18704,Cum Town - Monster Trucks,2017-07-31T07:01:49Z
63,667415,1,1,667415,The Bridge on the River Kwai Commentary,2019-08-28T17:57:11Z
64,376496,1,1,376496,Adam interrupts Nick’s drunk US mint story and pays the price | Cumtown,2024-03-05T00:11:00Z
65,258617,2,2,136250,Tango Down (12-11-2017) - Cum Town Premium (EP 65),2019-03-28T20:45:29Z
66,53514,1,0,107029,Harry Potter and the Juicy... | Cumtown,2021-07-12T00:30:02Z
69,1270,1,0,78727,CumTown Best of 2018,2022-03-04T13:15:01Z
70,92745,3,1,224419,CumTown Best of 2018,2017-09-23T04:29:33Z
71,206714,2,1,205444,CumTown Best of 2018,2019-01-27T18:00:03Z
72,144901,3,2,82057,Nick Mullen's Proposal to Expand the country of Niger,2018-10-29T00:45:43Z
73,209752,5,1,661778,cum town: christopher columbus/camming native americans,2017-10-12T19:03:48Z
74,172755,4,3,140515,The Boys' Favorite Foods | CMTOWN,2017-11-08T04:16:53Z
75,208730,3,2,104599,Korean Jewish Bill Cosby | CMTOWN,2019-01-25T18:00:00Z
76,1270,1,0,78727,CumTown Best of 2018,2022-03-04T13:15:01Z
77,848311,3,2,774036,Nick Mullen vs Hollywood Pedophilia (The COMPLETE Coke-Fueled Binge),2018-04-29T16:49:28Z
78,1410538,5,4,719295,Seagal on SNL,2019-02-17T17:30:04Z
79,712638,3,2,707785,Kramer Apology,2017-12-06T21:20:51Z
81,26471,1,0,661778,Cum Town - Nick Almost Saying the Gamer Word Compilation (Part 1) (Re-upload),2020-09-21T13:57:38Z
82,1270,1,0,78727,CumTown Best of 2018,2022-03-04T13:15:01Z
83,64058,2,1,78727,CumTown Best of 2018,2018-01-02T00:43:54Z
84,1270,1,0,78727,CumTown Best of 2018,2022-03-04T13:15:01Z
85,1270,1,0,78727,CumTown Best of 2018,2022-03-04T13:15:01Z
86,152206,2,1,150936,Detective Assaults 10 inches Man | CMTOWN ANIMATED,2022-03-04T13:15:01Z
87,242226,3,1,661778,Movie Recommendation,2020-09-15T02:06:43Z
88,1270,1,0,78727,CumTown Best of 2018,2022-03-04T13:15:01Z
89,471173,2,1,469903,CumTown Best of 2018,2019-01-07T17:30:36Z
90,73020,2,1,78727,CumTown Best of 2018,2022-03-04T13:15:01Z
91,208486,3,1,661778,CumTown Best of 2018,2018-02-24T15:08:58Z
92,1270,1,0,78727,CumTown Best of 2018,2022-03-04T13:15:01Z
93,808224,2,0,1613908,Depressing Movies,2020-01-19T05:05:14Z
94,1270,1,0,78727,CumTown Best of 2018,2022-03-04T13:15:01Z
95,223887,4,3,96808,Tim Dillon - Ideal Podcast Hours | Cumtown Throwback,2018-03-24T14:35:15Z
96,136168,3,1,661778,CumTown Best of 2018,2020-09-21T13:57:38Z
97,138025,3,2,78727,CumTown Best of 2018,2018-04-08T14:31:53Z
98,753406,5,3,982531,Rain Man,2018-04-14T17:11:32Z
99,549474,4,2,451995,The Matrix Series,2018-12-14T21:01:45Z
100,58618,2,1,78727,Trouble With Tigger (CumTown animated),2022-03-04T13:15:01Z
101,1270,1,0,78727,CumTown Best of 2018,2022-03-04T13:15:01Z
102,316530,3,1,661778,CumTown Best of 2018,2019-01-15T17:30:01Z
103,241717,2,0,1202236,CumTown Best of 2018,2021-06-10T19:09:48Z
104,1270,1,0,78727,CumTown Best of 2018,2022-03-04T13:15:01Z
105,1270,1,0,78727,CumTown Best of 2018,2022-03-04T13:15:01Z
106,614433,3,1,661778,The Strange Thing About The Johnsons,2020-03-02T22:25:06Z
107,811527,7,6,225210,Uber Reviews - CUMTOWN ANIMATED,2018-06-15T13:43:15Z
108,27741,2,0,661778,CumTown Best of 2018,2020-09-21T13:57:38Z
109,27741,2,0,661778,CumTown Best of 2018,2020-09-21T13:57:38Z
110,303855,3,0,661778,CumTown Best of 2018,2019-01-02T17:30:03Z
111,453490,4,3,220792,The Forbidden Zone - Cumtown Ep 111,2022-03-04T13:15:01Z
112,1270,1,0,78727,CumTown Best of 2018,2022-03-04T13:15:01Z
113,940321,3,1,713054,Jordan Peterson's Hottest Take - CUMTOWN ANIMATED,2018-12-14T21:01:45Z
114,277384,2,0,552228,CumTown Best of 2018,2019-01-02T17:30:03Z
115,1270,1,0,78727,CumTown Best of 2018,2022-03-04T13:15:01Z
116,1270,1,0,78727,CumTown Best of 2018,2022-03-04T13:15:01Z
117,71928,2,0,141316,CumTown Best of 2018,2019-01-23T19:00:01Z
118,1270,1,0,78727,CumTown Best of 2018,2022-03-04T13:15:01Z
119,88516,2,1,87246,Stav's Fattest Scam | CMTOWN ANIMATED,2022-03-04T13:15:01Z
120,326537,1,0,653074,Cum Town - Matilda Hates Nick,2018-12-21T19:57:52Z
121,1270,1,0,78727,CumTown Best of 2018,2022-03-04T13:15:01Z
122,1270,1,0,78727,CumTown Best of 2018,2022-03-04T13:15:01Z
124,320995,2,0,639451,CumTown Best of 2018,2019-02-10T18:00:06Z
125,1270,1,0,78727,CumTown Best of 2018,2022-03-04T13:15:01Z
126,1136308,4,3,716968,so I cant eat spicy food anymore (1-28-2019) - Cum Town Premium (EP 126),2019-05-07T20:04:57Z
127,2006097,11,9,639451,birthday boy (2-10-2019) - Cum Town Premium (EP 127),2018-11-02T04:42:15Z
128,844723,3,3,502325,To Catch A Predator - CUMTOWN ANIMATED,2018-12-30T20:45:01Z
129,27741,2,0,661778,CumTown Best of 2018,2020-09-21T13:57:38Z
130,27741,2,0,661778,CumTown Best of 2018,2020-09-21T13:57:38Z
131,239250,2,1,237980,CumTown Best of 2018,2018-12-22T19:01:00Z
132,519961,6,3,661778,The Sniper - CUMTOWN ANIMATED,2018-12-28T20:45:01Z
133,1270,1,0,78727,CumTown Best of 2018,2022-03-04T13:15:01Z
134,604844,3,2,432612,CumTown | Nick's Cool Dad Garage Life,2018-12-21T22:30:36Z
135,1138770,5,1,1443102,Stephen King Movies,2019-09-01T05:04:39Z
136,49564,1,1,49564,Too fat for tracksuits | Cumtown,2024-03-28T01:07:07Z
137,203910,1,1,203910,Cum Town - Health Teacher Nick,2019-01-20T17:30:01Z
138,728859,3,1,661778,Cumtown | Nick's African Guy Compilation,2019-01-18T17:30:04Z
139,293722,4,3,140684,Nick Mullen & The Costco Free Sample Debate | AI CMTOWN,2019-01-25T20:35:14Z
140,553215,5,4,661778,Stav asking the dumbest questions | CMTOWN ANIMATED,2019-01-31T18:00:01Z
141,16094,1,0,32187,San Frangelico Guy,2025-05-10T23:15:00Z
142,416850,2,1,400757,San Frangelico Guy,2019-02-14T21:05:01Z
143,379363,2,2,231174,Joy Behar Meltdown on The View - CUMTOWN ANIMATED,2019-02-21T17:30:01Z
144,411091,1,0,1644364,Titanic,2020-11-13T13:31:43Z
146,148811,3,1,661778,Stav's Doctor | CM Town,2020-09-21T13:57:38Z
147,508164,2,1,451059,That one woman at Costco | CMTOWN ANIMATED,2019-11-13T12:21:27Z
148,26471,1,0,661778,Cum Town - Nick Almost Saying the Gamer Word Compilation (Part 1) (Re-upload),2020-09-21T13:57:38Z
149,108983,1,1,108983,gender assignment gun (9-15-2019) - Cum Town Premium (EP 149),2019-09-15T21:25:45Z
150,926510,3,3,507121,Democratic Debates,2019-07-01T08:43:32Z
151,2104695,5,4,1000468,X-Men | CMTOWN ANIMATED,2019-09-22T04:00:25Z
152,709168,3,3,450011,Glory Hole Cop (ft. Nick Mullen)  |  Tim Dillon Bonus Ep 152   -  #cumtown,2019-07-15T04:34:23Z
153,21810,1,0,130858,Nick Mullen on Epstein PART 3 (The Nihilistic Spiral),2019-10-27T22:47:58Z
155,277664,2,1,255854,fantasy cumtown,2019-10-27T22:47:58Z
156,434817,3,3,221961,Oppenheimer | CUMTOWN ANIMATED,2022-01-16T01:01:21Z
157,720577,2,2,606862,Tony Soprano Will Never Find Love | CMTOWN ANIMATED,2019-08-26T04:01:27Z
158,429408,3,3,164484,Harassing Car Dealership Employees | CMTOWN ANIMATED,2019-09-04T12:18:13Z
159,152594,2,2,114189,Vore v Futanari (11-24-2019) - Cum Town Premium (EP 159),2019-11-25T21:46:55Z
161,179893,1,1,179893,r/Podcasting : The Cringiest Subreddit,2024-02-11T18:07:30Z
162,859612,3,2,982531,Rain Man,2019-12-16T21:28:59Z
163,239965,3,1,335247,bonjour (12-22-2019) - Cum Town Premium (EP 163),2019-12-23T04:15:49Z
164,67764,1,0,135527,Cum Town - Christopher Walken,2020-03-27T02:19:03Z
165,26471,1,0,661778,Cum Town - Nick Almost Saying the Gamer Word Compilation (Part 1) (Re-upload),2020-09-21T13:57:38Z
166,21810,1,0,130858,Nick Mullen on Epstein PART 3 (The Nihilistic Spiral),2019-10-27T22:47:58Z
167,21810,1,0,130858,Nick Mullen on Epstein PART 3 (The Nihilistic Spiral),2019-10-27T22:47:58Z
168,770005,3,2,633406,Nick Mullen on Epstein PART 3 (The Nihilistic Spiral),2019-10-27T22:47:58Z
171,561196,1,1,561196,Workplace Gossip | CMTOWN ANIMATED,2023-12-10T18:03:09Z
172,792199,1,1,792199,Nick Mullen - Red Eye,2021-09-08T16:03:21Z
174,83812,1,0,335247,Blank Check,2021-03-05T01:42:56Z
175,336616,3,2,273957,The Pool Problem | CMTOWN ANIMATED,2019-10-27T22:47:58Z
176,420671,2,2,229153,The Joker on Steve Harvey | CMTOWN ANIMATED,2024-08-11T18:40:08Z
178,360461,1,1,360461,Ghost,2021-08-07T00:10:09Z
179,915883,3,2,771987,Vending Machine Operation - CUMTOWN ANIMATED,2019-11-19T01:35:03Z
180,1083789,2,1,1026684,Cum Town - Those Were The Days,2019-11-13T12:21:27Z
181,1260503,1,1,1260503,The Irishman,2021-02-09T07:35:39Z
182,181584,2,1,661778,Nick's Last Date - CUMTOWN ANIMATED,2020-09-21T13:57:38Z
183,56631,2,1,661778,Cumtown | 183 | Woon Honda,2020-09-21T13:57:38Z
184,174259,1,1,174259,SILENCE - CUMTOWN ANIMATED,2022-02-22T13:58:12Z
185,640629,4,3,661778,The Censored BEEP Noise - Best Cum Town Bits,2019-12-14T05:51:20Z
186,27501,1,1,27501,Cumtown | 186 | Can u paint with all the  colors of my a**,2025-04-12T15:15:04Z
187,1484398,2,2,1352331,The Way Back,2020-09-30T09:58:45Z
188,511560,2,2,281349,Morgan Freeman - CUMTOWN ANIMATED,2022-06-07T18:51:17Z
191,1725484,7,7,571036,"Pretty Sure SNL Stole ""Ratatouille"" Sketch From CumTown",2020-01-28T07:35:52Z
192,283976,1,1,283976,We Actually Don't Need a White Woman President - CUMTOWN ANIMATED,2023-04-05T17:55:43Z
193,777765,1,1,777765,The Matrix Renegotiated,2024-02-16T19:04:18Z
197,380569,1,1,380569,Cum Town - Gay Flanders,2020-08-17T13:45:03Z
198,1893705,2,2,1868184,Down to Earth,2020-09-06T17:33:28Z
199,567280,2,1,1644364,Titanic,2020-11-13T13:31:43Z
200,458696,2,2,271419,Cum Town - Nick Calling His Mom The Gamer Word,2020-09-08T14:00:02Z
201,33563,1,1,33563,Cumtown | Ep  201   Oohs cawk mate,2024-09-04T04:19:25Z
202,1157216,1,0,2314432,Bad Movies,2020-08-08T19:45:00Z
203,240447,1,0,1202236,Con Air,2021-06-10T19:09:48Z
204,137555,2,2,109393,Cumtown | 204 | somebody once told me,2021-02-03T08:24:30Z
205,232939,1,1,232939,Ep. 205 - Youtube Live,2020-04-30T19:48:37Z
208,550836,1,1,550836,Breakdown,2020-10-29T13:12:05Z
209,270684,1,1,270684,Barton Fink,2021-01-05T15:35:31Z
210,177072,1,1,177072,Ep. 210 - Welcome Back,2020-06-10T23:36:23Z
214,1157216,1,0,2314432,Bad Movies,2020-08-08T19:45:00Z
216,487113,1,1,487113,Flirting in the Bathroom w/ Cruisin' Joe List | CMTOWN ANIMATED,2025-06-01T16:43:06Z
219,87163,1,1,87163,Woke Sopranos | CMTOWN,2025-05-10T17:40:02Z
220,596678,2,2,567712,Matthew McConaughey's Autobiography | Nick Mullen Review,2022-09-19T16:07:56Z
223,273686,2,2,171528,Cumtown | 223 | like water for **ssy,2020-09-03T13:45:00Z
224,966113,3,3,632892,Traumatized Cholo (Fugue State),2020-09-10T13:30:03Z
225,109732,1,1,109732,Ben Shapiro - CUMTOWN ANIMATED,2022-07-06T14:51:30Z
227,315517,1,1,315517,Cum Town - Nick's Hardest Laughs in the History of Cum Town,2020-10-01T14:00:01Z
229,3798,1,0,129123,CumTown | Best of 2021,2022-03-05T12:30:01Z
230,3798,1,0,129123,CumTown | Best of 2021,2022-03-05T12:30:01Z
232,1401327,2,2,1196897,Cum Town - Joe Biden Victory Speech,2020-11-05T17:30:31Z
233,137099,2,1,133301,Indian Sopranos | CM Town,2022-03-05T12:30:01Z
234,3798,1,0,129123,CumTown | Best of 2021,2022-03-05T12:30:01Z
235,3798,1,0,129123,CumTown | Best of 2021,2022-03-05T12:30:01Z
236,3798,1,0,129123,CumTown | Best of 2021,2022-03-05T12:30:01Z
237,534322,1,1,534322,The Confessions of Saint Augustine,2022-07-02T19:55:12Z
241,3798,1,0,129123,CumTown | Best of 2021,2022-03-05T12:30:01Z
242,695881,4,3,407785,The Gambler | Cumtown,2021-07-02T00:30:10Z
244,172209,2,1,168411,Cumtown | the Train Sign debate,2021-07-21T13:45:03Z
245,149234,2,1,145436,Stav Got Arrested - CUMTOWN ANIMATED,2022-03-05T12:30:01Z
246,3798,1,0,129123,CumTown | Best of 2021,2022-03-05T12:30:01Z
247,384279,4,3,186613,Nick Misses Donald | Cumtown,2021-08-05T00:45:00Z
248,87025,2,1,129123,I know the guy who invented M&Ms | CMTOWN ANIMATED,2022-03-05T12:30:01Z
249,3798,1,0,129123,CumTown | Best of 2021,2022-03-05T12:30:01Z
250,481951,4,3,179617,Queer Eye for the Straight Guy | CMTOWN ANIMATED,2022-03-05T12:30:01Z
251,218141,2,2,109663,Electric Wizard | CMTOWN ANIMATED,2022-01-16T01:23:39Z
252,3798,1,0,129123,CumTown | Best of 2021,2022-03-05T12:30:01Z
253,1078732,3,2,1032839,Derek Chauvins Trial | CMTOWN ANIMATED,2022-03-05T12:30:01Z
254,3798,1,0,129123,CumTown | Best of 2021,2022-03-05T12:30:01Z
255,205724,2,1,201926,"Sorry, It's My First Rodeo | CMTOWN ANIMATED",2022-03-05T12:30:01Z
256,140816,1,1,140816,The Simpsons | CMTOWN ANIMATED,2024-10-06T16:10:09Z
258,130275,2,1,129123,CumTown | Best of 2021,2021-05-08T14:00:03Z
259,442527,2,1,438729,CumTown | Best of 2021,2022-02-08T22:43:43Z
260,3798,1,0,129123,CumTown | Best of 2021,2022-03-05T12:30:01Z
263,3798,1,0,129123,CumTown | Best of 2021,2022-03-05T12:30:01Z
265,3798,1,0,129123,CumTown | Best of 2021,2022-03-05T12:30:01Z
267,967165,3,2,587480,Cumtown - The Twilight Zone,2021-07-13T23:54:11Z
268,211063,2,1,207265,CumTown | Best of 2021,2021-07-17T14:00:15Z
272,3798,1,0,129123,CumTown | Best of 2021,2022-03-05T12:30:01Z
273,3798,1,0,129123,CumTown | Best of 2021,2022-03-05T12:30:01Z
274,2014068,1,1,2014068,Liberal Elmo - CUMTOWN ANIMATED,2022-03-03T14:47:17Z
275,3798,1,0,129123,CumTown | Best of 2021,2022-03-05T12:30:01Z
276,121553,1,1,121553,Hasanabi Reacts To Cumtown Making Fun Of Him,2021-09-10T18:48:57Z
277,62657,1,1,62657,The Breakfast Sandwich Fiasco | AI C*mtown,2025-03-29T20:05:15Z
280,3798,1,0,129123,CumTown | Best of 2021,2022-03-05T12:30:01Z
286,3798,1,0,129123,CumTown | Best of 2021,2022-03-05T12:30:01Z
288,3798,1,0,129123,CumTown | Best of 2021,2022-03-05T12:30:01Z
290,3798,1,0,129123,CumTown | Best of 2021,2022-03-05T12:30:01Z
291,3798,1,0,129123,CumTown | Best of 2021,2022-03-05T12:30:01Z
293,73863,1,1,73863,K-pop Fans Are Pathetic | CMTOWN ANIMATED,2024-03-17T18:22:33Z
297,361061,1,1,361061,Customer Service,2024-12-08T17:26:03Z
300,153131,1,1,153131,Cumtown | Sydney Sweeney,2022-08-13T18:40:23Z
301,621906,4,4,206117,Sinatra on 9/11 | CMTOWN ANIMATED,2022-07-25T15:27:45Z
302,441816,1,1,441816,Titanic Revisited,2023-01-29T18:54:25Z
313,343772,2,2,239824,"yeah, no, I don't think that's in the film, Nick",2024-07-16T18:22:53Z
315,261758,2,2,146263,what psychosis looks like - CUMTOWN ANIMATED,2023-07-09T18:25:50Z
439,852245,1,1,852245,Shane's favorite Nick Mullen joke,2023-04-19T23:14:58Z
